Price,Close,High,Low,Open,Volume
Ticker,DD,DD,DD,DD,DD
Date,,,,,
2003-07-03,22.731348037719727,23.124932573506364,22.612530665519714,23.124932573506364,1532036
2003-07-07,23.206615447998047,23.206615447998047,22.657083207550272,22.71649188323395,4875464
2003-07-08,23.16949462890625,23.24375550429023,23.020970887763706,23.20662506659824,2552714
2003-07-09,23.15464210510254,23.258607329074323,23.03582470627765,23.147216017675987,1343596
2003-07-10,22.679370880126953,23.154642473359907,22.54569931394846,23.154642473359907,2500159
2003-07-11,22.924421310424805,23.01353432030524,22.723917038193832,22.805603963917562,1343104
2003-07-14,23.221485137939453,23.35515475908382,22.946717815211898,23.020978715847654,2889544
2003-07-15,22.96155548095703,23.384844337388163,22.872442456523952,23.369992166649315,2324155
2003-07-16,22.664508819580078,23.087795625003082,22.58281990184404,23.04323911916908,2238507
2003-07-17,22.723918914794922,22.768475423414735,22.486282211782104,22.508560466092007,2602388
2003-07-18,23.206615447998047,23.243745870300344,22.73877013661533,22.76104838999671,3620747
2003-07-21,23.02839469909668,23.206622772776143,23.006116438683545,23.199196685971764,3141147
2003-07-22,23.69673728942871,23.69673728942871,23.043237923686167,23.087794427208575,3109600
2003-07-23,23.726451873779297,23.912104051982013,23.518519443817787,23.76358230941984,3120280
2003-07-24,25.06314468383789,25.30820547258997,24.439349604448708,24.439349604448708,8502464
2003-07-25,25.50872230529785,25.508722305297848,24.870074792492897,25.063155060000625,3766538
2003-07-28,26.06568145751953,26.214203212540415,25.65724464083746,25.88002926374342,5454764
2003-07-29,26.02854347229004,26.147360841857946,25.486437233262425,26.06567390028001,3293262
2003-07-30,25.931991577148438,26.065661052024122,25.731485374461833,26.02853064233643,2434816
2003-07-31,26.214200973510742,26.652342103774107,25.932009663073824,26.139940102343132,3669438
2003-08-01,25.954286575317383,26.169643090509197,25.84289328398174,26.169643090509197,2910833
2003-08-04,25.90230369567871,26.013694995468022,25.471588679452363,25.954286302247056,1552763
2003-08-05,25.434452056884766,25.87259305314504,25.419597896819845,25.842886723389054,2031941
2003-08-06,25.248807907104492,25.597836022924856,25.02602527384126,25.10028615159567,2591638
2003-08-07,25.248807907104492,25.3230687848589,24.94433830831141,25.24880790710449,2406852
2003-08-08,25.360197067260742,25.620110096900707,25.271082038152727,25.620110096900707,2505850
2003-08-11,25.211660385131836,25.367610113121213,24.825502092090137,25.27106904708082,2520253
2003-08-12,25.204240798950195,25.285927730185403,24.892343252951047,25.21166688360794,2295840
2003-08-13,25.00373649597168,25.17453644298222,24.877493056876933,25.063145173192737,2204572
2003-08-14,25.152267456054688,25.27108485427355,24.84036979535564,24.988893533503756,3238458
2003-08-15,25.100282669067383,25.360197695520654,24.92948068355545,25.285934837695173,1179959
2003-08-18,25.33049201965332,25.419605062921786,25.159692020055434,25.40475487941812,2241318
2003-08-19,25.568124771118164,25.77605517271117,25.330488036066345,25.42702914146577,2280664
2003-08-20,25.61269187927246,25.738935389597394,25.493874457790167,25.582987523901885,2044518
2003-08-21,25.89488410949707,26.0137015257661,25.605264666966477,25.62011684400011,2853711
2003-08-22,25.471593856811523,25.917161136909172,25.40475906335309,25.887456784260976,2037983
2003-08-25,25.315637588500977,25.45673521813612,25.100281086471167,25.397324537546766,1246426
2003-08-26,25.181970596313477,25.3304923369547,24.788385993239796,25.315640162890578,2005523
2003-08-27,25.38247299194336,25.389899077821358,25.06314930881538,25.085427566449372,1331652
2003-08-28,25.59783172607422,25.63496215871871,25.100281938263713,25.43445782243845,1406690
2003-08-29,25.642377853393555,25.657230020432348,25.36018667965647,25.47900401596682,1343104
2003-09-02,25.85774803161621,25.969139335092407,25.412180827337007,25.657241694984645,1873152
2003-09-03,25.88002586364746,25.99141716527863,25.76120648486651,25.88745195042287,1779775
2003-09-04,25.39732551574707,25.486440544876334,25.196821178548443,25.33049073668086,2405658
2003-09-05,25.107704162597656,25.32306063880848,24.944330284092892,25.22652152878294,2488706
2003-09-08,25.174543380737305,25.256230334428054,24.877499912770958,25.107708600444877,2592411
2003-09-09,24.981468200683594,25.122563865330306,24.803240107597365,25.100285602491354,1437605
2003-09-10,24.37252426147461,24.98889349452252,24.21657642655562,24.981467407145427,3121123
2003-09-11,24.580442428588867,24.691833674578717,24.209136284915996,24.50618159792897,2286987
2003-09-12,25.085426330566406,25.211669784272715,24.37251814065331,24.61758095292782,2761950
2003-09-15,24.914634704589844,25.159695608530644,24.83294574623488,25.085434728548584,1906596
2003-09-16,25.100282669067383,25.167117449773386,24.88492416308478,24.88492416308478,2106417
2003-09-17,24.81066131591797,25.01859371856392,24.736400454392346,24.90720043590128,1971868
2003-09-18,24.981468200683594,25.01859863874852,24.766109669532444,24.810666195210352,1878070
2003-09-19,24.914634704589844,25.05573037655576,24.818093570238467,24.929484890211558,1787223
2003-09-22,24.417089462280273,24.914641474098364,24.34282856212093,24.914641474098364,2089484
2003-09-23,24.513629913330078,24.53590818273305,24.14974952270635,24.327975677930127,1916924
2003-09-24,24.283411026000977,24.580456509172457,23.91210466963026,24.543326072572835,2694570
2003-09-25,24.238855361938477,24.424507551522463,23.934383780646147,24.32054232535543,2641523
2003-09-26,24.45269775390625,24.557741103517074,24.235107958283834,24.235107958283834,1829520
2003-09-29,24.805328369140625,25.030421107565427,24.72279235403806,24.985402559880466,3075032
2003-09-30,24.415176391601562,24.805339321487374,24.1675722589957,24.805339321487374,2466152
2003-10-01,24.985408782958984,25.02292424870704,24.430177878873803,24.535221182968353,2216797
2003-10-02,25.142982482910156,25.323058792138745,24.32514303417396,25.09796390835668,1978472
2003-10-03,25.84827995300293,26.223436787474547,25.142984862874496,25.142984862874496,4062196
2003-10-06,25.773244857788086,25.87078509625465,25.623182952454904,25.728226286188132,1344861
2003-10-07,25.473102569580078,25.773228197251367,25.112952218577178,25.773228197251367,2518848
2003-10-08,25.608182907104492,25.773251042582306,25.563162313686423,25.660702575559675,1576862
2003-10-09,25.668197631835938,25.915799738090328,25.473115173469754,25.735725478996226,2199021
2003-10-10,25.623178482055664,25.7282217974623,25.548145531465305,25.668197045801367,1156562
2003-10-13,25.90828514099121,26.035837684551055,25.698198598657346,25.698198598657346,1045972
2003-10-14,25.98332405090332,26.185909575842,25.818256002520226,26.08086426131152,1404302
2003-10-15,26.24594497680664,26.328479034507783,25.968328408069823,26.06586865808027,2802701
2003-10-16,26.380979537963867,26.72612369512886,26.140880653684338,26.140880653684338,2456316
2003-10-17,26.41100311279297,26.636097923395003,26.32096599295776,26.46352476603017,2141407
2003-10-20,26.67361831665039,26.733643074293855,26.45602655917843,26.45602655917843,1571733
2003-10-21,26.913724899291992,27.0562857497126,26.5985948332374,26.673625801345636,2560653
2003-10-22,26.148399353027344,26.606090135415517,25.960819976695845,26.598587040802833,2804879
2003-10-23,27.17632484436035,27.356399098548252,25.48812066729208,25.48812066729208,3925890
2003-10-24,27.453937530517578,27.634013783984905,27.011255017819952,27.17632307340212,4060369
2003-10-27,27.724042892456055,27.949135630466728,27.45392959582978,27.649011979785833,3831459
2003-10-28,27.634010314941406,27.82909071977631,27.498952639041903,27.761562887333458,2922847
2003-10-29,27.911624908447266,28.03917747243179,27.281361158496395,27.498950826469994,2108455
2003-10-30,28.429346084594727,28.65443889062578,28.069195583930966,28.226760548152704,2391184
2003-10-31,28.279279708862305,28.699454920744557,28.15923022289992,28.549393063291575,1822494
2003-11-03,28.421842575073242,28.511879696167863,28.15172920077533,28.17423848104898,1361794
2003-11-04,28.219247817993164,28.361808557477005,28.13671381729975,28.21174472702104,1857905
2003-11-05,28.294286727905273,28.399332042229965,27.99416300416034,28.21925579696904,1493673
2003-11-06,28.50438117980957,28.556902842215052,28.114218248068752,28.249273951397136,1379219
2003-11-07,28.24176597595215,28.399332946951834,28.129219575962388,28.15172885596034,2034049
2003-11-10,27.90411376953125,28.204239395588715,27.836585956146298,28.091693039947128,1235395
2003-11-11,27.679039001464844,27.7690761443456,27.386416276087846,27.431434847528223,1577986
2003-11-12,27.911624908447266,27.926629081431773,27.528965205480024,27.641511585466368,1345985
2003-11-13,27.776580810546875,27.919139628170775,27.596506514600893,27.91163854352101,1171879
2003-11-14,28.016672134399414,28.496872100850727,27.911628831647494,27.964150483023452,2387320
2003-11-17,27.926647186279297,28.046698747107833,27.75407595842229,28.016686359654443,2528193
2003-11-18,27.536474227905273,27.986661855819527,27.431428906281138,27.926635095885405,1483204
2003-11-19,27.619009017944336,27.784077082018253,27.371404910819304,27.53647498590738,1763966
2003-11-20,27.483951568603516,27.784075302240012,27.13130417056661,27.468945381921692,1456716
2003-11-21,27.311382293701172,27.8666132908818,27.198835877586376,27.6115080810216,2485966
2003-11-24,27.836599349975586,28.084203462537246,27.416424075729328,27.423927169715615,1940391
2003-11-25,27.979167938232422,28.13673295582239,27.761576141022,28.0241865146867,1453414
2003-11-26,28.406827926635742,28.496865020910864,27.97914971781545,27.97914971781545,1817716
2003-11-28,28.174240112304688,28.414339115791794,28.174240112304688,28.249271050894407,545856
2003-12-01,28.887041091918945,28.887041091918945,28.294294562381705,28.36182442993679,2221575
2003-12-02,28.857027053833008,29.112132257222964,28.78199410064523,28.879536336485064,2329706
2003-12-03,29.284704208374023,29.52480524077269,28.812007249009277,28.812007249009277,2192557
2003-12-04,29.48729133605957,29.65986251685248,29.164656247910575,29.2847057649839,2352189
2003-12-05,28.999589920043945,29.3972559804724,28.879540395692576,29.2171796829308,1742818
2003-12-08,29.367231369018555,29.37473446116575,28.894534552731237,28.99957784279204,1300597
2003-12-09,29.899972915649414,30.155078219235065,29.667374892541563,29.77992135000582,4016104
2003-12-10,29.637348175048828,30.01250486290022,29.55481414614462,30.01250486290022,3421769
2003-12-11,29.779909133911133,29.81742661535746,29.43476680593582,29.644853440355575,1957324
2003-12-12,29.907472610473633,29.929981899405778,29.68237771013736,29.779917962176654,1762421
2003-12-15,29.922473907470703,30.140063664881517,29.779913089876707,30.035020333717675,1658786
2003-12-16,30.237600326538086,30.237600326538086,29.7874126936936,29.847437443270984,2082950
2003-12-17,30.05002784729004,30.080040228944313,29.809928794055843,30.072537133530744,1853479
2003-12-18,30.57522964477539,30.57522964477539,29.80991232440624,29.93746487596552,2521729
2003-12-19,30.4251766204834,30.58274158269417,30.16256633911806,30.57523848925556,2456808
2003-12-22,30.92787742614746,30.93538051753228,30.32762810434807,30.425168292350776,1827974
2003-12-23,30.96539878845215,31.002914252530807,30.762815282427415,30.837846210584726,1240172
2003-12-24,31.13046646118164,31.175487028555956,30.882864401199154,30.957895328466574,657922
2003-12-26,31.243024826049805,31.28804339676603,31.03293615169289,31.1379814943786,388401
2003-12-29,31.768718719482422,31.768718719482422,30.944244352001416,31.20142060534692,2415284
2003-12-30,31.057714462280273,31.73090803812056,30.83835788543898,31.57962903845423,2015149
2003-12-31,31.443449020385742,31.496398652310525,30.93666480491516,31.00474029654554,1675297
2004-01-02,31.110654830932617,31.579621647464958,31.035015348802343,31.443468552305827,1581218
2004-01-05,31.700645446777344,32.207432014412895,31.11065544715046,31.13334729223901,1851652
2004-01-06,31.337554931640625,31.60985893522159,30.97448360264048,31.54178344115721,1498100
2004-01-07,31.4056339263916,31.466147510739756,30.785388439567,31.16358769829368,2451749
2004-01-08,32.0637092590332,32.09396504518433,31.36025817637096,31.375386069446527,2050279
2004-01-09,31.07282257080078,31.81409122434911,31.01231100947633,31.806527279183552,1737970
2004-01-12,31.420774459838867,31.466160173194798,30.8307845141057,30.944243729184294,2388022
2004-01-13,31.2014102935791,31.617429313741365,31.019875605795068,31.541789860498017,2137473
2004-01-14,31.042573928833008,31.314876017412885,30.936678672163055,31.246800495267916,1638340
2004-01-15,30.777830123901367,31.201413127865568,30.75513828586707,31.163593397808413,1790876
2004-01-16,31.095523834228516,31.14090751898185,30.861039435678535,31.004756464721854,2170495
2004-01-20,30.717313766479492,30.99718175259051,30.618982483662332,30.63411037332651,2274692
2004-01-21,31.239248275756836,31.38296332090323,30.14247150814744,30.65682211810168,3588568
2004-01-22,30.853479385375977,31.163603297687132,30.785403849647235,31.163603297687132,2839869
2004-01-23,30.45258140563965,30.951803918694445,30.36937799135122,30.75514130310362,2684101
2004-01-26,30.777830123901367,30.823213799969952,30.40719474201718,30.40719474201718,2408890
2004-01-27,30.69462013244629,31.004743879704005,30.611416744171283,30.785387465109928,2638783
2004-01-28,31.087955474853516,31.84435214072111,30.6341166644033,30.69462823548678,4677680
2004-01-29,31.208980560302734,32.33601472388168,30.86103697758328,32.33601472388168,5006149
2004-01-30,31.730892181396484,31.829223482040977,31.254361543256763,31.314873112884143,3248436
2004-02-02,31.526668548583984,31.806534583984586,31.382951530108038,31.39051750433504,3066109
2004-02-03,31.004762649536133,31.579624798409316,30.81566189801776,31.55693295150609,2910341
2004-02-04,31.2014102935791,31.443456543957808,30.7778273280925,30.823211000038505,2669136
2004-02-05,31.700645446777344,31.874616259122867,31.095527550424762,31.201422827504647,2431303
2004-02-06,31.8216609954834,32.14691272447383,31.466155507615653,31.579614705871318,2063699
2004-02-09,31.609872817993164,31.919994649378054,31.57961702956537,31.84435517830857,2108666
2004-02-10,31.91999053955078,32.1393470047336,31.466153771567175,31.919990539550778,1716119
2004-02-11,33.00164031982422,33.05458794179505,31.730891310552234,31.768711040531397,3824995
2004-02-12,33.152923583984375,33.25125489481519,32.72177657840188,32.75203236634982,3255743
2004-02-13,32.744468688964844,33.28151298411121,32.50998633043767,32.97895307481634,2178364
2004-02-17,32.62345886230469,33.016786296858285,32.525127510497576,32.525127510497576,1841464
2004-02-18,32.90330505371094,33.17560707672104,32.52510577220644,32.562925497624505,1790314
2004-02-19,32.6461296081543,33.25124725541299,32.62343777240674,32.88817788345208,1946434
2004-02-20,32.38895797729492,33.12266275059455,32.20742124993571,32.86548859221134,2690003
2004-02-23,32.49485778808594,32.555369363272874,32.388962531508795,32.44947410669573,1688085
2004-02-24,32.40408706665039,32.600749665624036,32.146910871437704,32.29818979372512,1874065
2004-02-25,33.092411041259766,33.19074234921773,32.35114020354354,32.40408985822977,2714875
2004-02-26,32.63102340698242,32.82012216390302,32.57051180476783,32.6537152578129,1661034
2004-02-27,32.880638122558594,33.16806825343816,32.608333865978935,32.631025718416794,2065666
2004-03-01,33.1075325012207,33.44791206687109,32.918433868817075,32.918433868817075,2338348
2004-03-02,32.62345886230469,33.22101295061152,32.60833096202667,33.10755369852639,1996248
2004-03-03,32.525108337402344,32.60074779420403,32.32087977671384,32.525108337402344,2308909
2004-03-04,32.75202941894531,32.84279677462085,32.37383007630645,32.540238922369056,1401210
2004-03-05,32.00320053100586,32.525114915822094,31.882177375645426,32.33601623557142,3020299
2004-03-08,31.64769172668457,32.13178635620592,31.624999885956584,31.836790399417797,3380245
2004-03-09,30.94424819946289,32.7142203196812,30.62656235134919,32.7142203196812,4276069
2004-03-10,30.18785858154297,30.89130801375479,29.91555433297129,30.808104557262833,3719534
2004-03-11,29.484392166137695,30.475273245480142,29.121320694650777,29.333113231069913,5204987
2004-03-12,29.77937889099121,30.255909416146583,29.49951092049656,30.028991083845746,2778672
2004-03-15,28.99273109436035,29.60541478308668,28.81876033406654,29.60541478308668,2426596
2004-03-16,29.295303344726562,29.650810988961645,28.97005149767532,29.36337888839021,2652484
2004-03-17,29.658369064331055,29.99118479476313,29.159146482345204,29.159146482345204,2543228
2004-03-18,29.711301803588867,29.802069131658783,29.461689624073106,29.590278699495656,1980159
2004-03-19,29.612979888916016,29.877718012774498,29.567594183216123,29.71131119206345,2820758
2004-03-22,28.538888931274414,29.491950081954307,28.357354246315893,29.257467780549554,3141639
2004-03-23,29.514650344848633,29.855027952953268,28.743123711829583,28.864146861377897,3325231
2004-03-24,29.56003189086914,29.862589742886804,29.20452438742427,29.386059098634867,2820337
2004-03-25,30.218097686767578,30.460143971909588,29.62054389299909,29.69618335710597,2151384
2004-03-26,30.059267044067383,30.32400527617056,29.802090734127887,30.074394943044705,1475897
2004-03-29,31.0165958404541,31.199675863761037,30.513129354338044,30.543642350796055,2795886
2004-03-30,30.780134201049805,30.9708425733957,30.673338657489666,30.894560042281313,1852495
2004-03-31,30.726713180541992,30.879280171894056,30.50549400769116,30.833510687855952,1199843
2004-04-01,30.91744041442871,31.46667660507556,30.73436032117333,30.73436032117333,1506601
2004-04-02,31.573467254638672,31.916740587459024,31.222567715527408,31.222567715527408,1919032
2004-04-05,31.32937240600586,31.642130782494814,30.993727225701694,31.535335239303464,1933787
2004-04-06,31.58110237121582,31.58110237121582,31.10052041861262,31.245459260836284,1273968
2004-04-07,31.069997787475586,31.420899338772347,30.772496031763257,31.336988587161176,1418213
2004-04-08,31.108131408691406,31.489545867029122,30.87165571214838,31.344609149793072,1234903
2004-04-12,31.58110237121582,31.802323738525743,31.08526391359537,31.108148671121246,1141386
2004-04-13,31.115774154663086,31.825205663953117,30.9632091180672,31.77180790114456,2238859
2004-04-14,31.275955200195312,31.931986602429536,31.016592711904455,31.016592711904455,1919313
2004-04-15,31.359886169433594,31.6345032870743,31.08526700723291,31.527707741325138,2078102
2004-04-16,31.802318572998047,31.809946824267648,31.306480195914705,31.58872549288985,1680426
2004-04-19,31.80994987487793,31.87860414288834,31.42853523026047,31.794693370875617,1460440
2004-04-20,30.94793701171875,31.985382826652017,30.94793701171875,31.764163635117693,1401913
2004-04-21,31.169166564941406,31.1920513165009,30.368198215799854,30.741984535830838,2131430
2004-04-22,31.9320011138916,32.22950497910808,31.054748066425187,31.169171843600914,1983461
2004-04-23,31.58110237121582,32.35155996370658,31.161546438681626,31.6039871287417,1479270
2004-04-26,31.817575454711914,32.206618318657156,31.703151684304334,31.756549443827872,1619229
2004-04-27,31.947254180908203,32.38206653196224,31.726034902165303,31.924369427934803,2041145
2004-04-28,31.214937210083008,31.840457864712825,31.115769949697086,31.741290604326906,1846944
2004-04-29,30.26140022277832,31.321733163253896,29.750305400841683,31.25307890957633,4200258
2004-04-30,30.27665901184082,30.612304099746577,30.063067984256755,30.51313683693969,2724642
2004-05-03,30.368202209472656,30.581793252116952,30.093583110084772,30.56653674907093,2251084
2004-05-04,30.803009033203125,30.856408832333464,30.177490435097116,30.505507257735776,2420553
2004-05-05,30.49024200439453,30.8030001913926,30.360561780517283,30.8030001913926,1396432
2004-05-06,30.017309188842773,30.33006963538936,29.811346338754102,30.169874262982525,1913622
2004-05-07,28.903583526611328,30.02494104520916,28.903583526611328,29.78846515191806,3446852
2004-05-10,28.300933837890625,28.8120286986252,27.995803798383037,28.712861435785232,5008116
2004-05-11,29.048505783081055,29.048505783081055,28.407728627335878,28.445871925861056,2941045
2004-05-12,28.453508377075195,28.888318797600263,28.03395241797356,28.888318797600263,4214380
2004-05-13,28.720495223999023,29.06376862918652,28.300939294227593,28.415363081103504,2016694
2004-05-14,28.712873458862305,28.94935138306157,28.484025833405166,28.728129967226113,2076627
2004-05-17,28.11785125732422,28.560291787466372,27.7288084754421,28.52977878846064,2226704
2004-05-18,28.491636276245117,28.6442012645083,27.911885231727133,28.323812744596673,2269352
2004-05-19,28.529787063598633,29.544348663933494,28.4153612395786,28.91119966179999,2640118
2004-05-20,28.316194534301758,28.827289470744066,28.247540265242897,28.529787638155664,1209258
2004-05-21,28.789152145385742,29.155310341643357,28.514535031612496,28.514535031612496,2248695
2004-05-24,29.094282150268555,29.559607602967112,28.8654325279356,29.36889924359635,2233449
2004-05-25,29.51382827758789,29.704534529011795,28.659460182090562,28.99510522915575,2082177
2004-05-26,29.73504066467285,30.06305738595586,29.40702598794849,29.597732195346374,2011495
2004-05-27,30.42160415649414,30.536027945085316,30.078330746160816,30.093587251306307,2463201
2004-05-28,30.43685531616211,30.513137828492432,30.162236227213516,30.352944552598753,1411820
2004-06-01,30.208026885986328,30.352965805458233,29.93340964931277,30.18514211626353,2047469
2004-06-02,30.749616622924805,30.825899137640754,30.16986542196462,30.459741022444714,2125950
2004-06-03,29.33075714111328,30.61993579159064,29.29261383734191,30.566538028694143,5097347
2004-06-04,29.93340301513672,30.23090495559736,29.55961648127961,29.6740403045337,2351698
2004-06-07,30.37582778930664,30.513136304643933,29.97915670043957,30.16986297174137,2037632
2004-06-08,30.35293960571289,30.352939605712887,30.063064061541798,30.192744311368216,1999761
2004-06-09,30.314796447753906,30.696208923237307,30.14697291398224,30.22325540907892,2056532
2004-06-10,30.413970947265625,30.5741642251861,30.200377865478874,30.314803679981523,2050911
2004-06-14,30.0859432220459,30.230879944925075,29.994404239174838,30.131712713481427,1659418
2004-06-15,29.925769805908203,30.43686484305616,29.742689674450983,30.19275868263322,1872800
2004-06-16,29.918140411376953,30.108846744622344,29.368902082510232,29.933396918036582,2174359
2004-06-17,29.788455963134766,29.92576450398077,29.689286639075167,29.92576450398077,1398189
2004-06-18,30.520767211914062,30.558908469494103,29.81896398332236,29.826592234838365,2782536
2004-06-21,30.314796447753906,30.612298178630958,30.284283449715232,30.513130935005275,1847928
2004-06-22,30.26140022277832,30.276656723595558,29.628253394303787,29.93338545520773,2733424
2004-06-23,31.085264205932617,31.123405468834445,30.09358728136562,30.12410029168708,3012430
2004-06-24,30.841157913208008,31.184429254724755,30.787760148972065,30.940325189646178,2668503
2004-06-25,30.757251739501953,31.222579303182854,30.574173651150186,30.841164574556593,1929852
2004-06-28,30.87647247314453,31.299543447510366,30.76878220446318,31.038007876166557,1957113
2004-06-29,31.484149932861328,31.49953219162213,30.7841592290358,30.884157311956987,2179137
2004-06-30,31.30723762512207,31.461082937689106,31.12262572406871,31.461082937689106,1842307
2004-07-01,30.561073303222656,31.345675366908647,30.268769280006172,31.19183222926193,2631335
2004-07-02,30.30724334716797,30.499549415196036,29.814943029250376,30.499549415196036,1260267
2004-07-06,29.976497650146484,30.214956832871607,29.845730841836872,30.191880337287557,1342191
2004-07-07,30.34571075439453,30.58416983585423,30.053406539438246,30.13802238233625,1415122
2004-07-08,30.030317306518555,30.422619460017273,30.030317306518555,30.307237080073,1345283
2004-07-09,30.114933013916016,30.353389931678983,29.891858351739884,30.307236979853894,1303477
2004-07-12,30.284164428710938,30.37647034432379,30.022628939452733,30.161089874560467,1112719
2004-07-13,30.107254028320312,30.368787536426453,29.999561698587517,30.361095374423332,1081875
2004-07-14,30.06110382080078,30.576480784094464,29.707262274427876,29.814952552375065,1777316
2004-07-15,30.053415298461914,30.322643106099996,29.876495522552958,30.17649198687086,1118411
2004-07-16,30.338016510009766,30.73031880310281,29.884176925716076,30.73031880310281,2183564
2004-07-19,30.19186782836914,30.46109349863904,30.084177560261182,30.40724836458506,1871044
2004-07-20,30.384170532226562,30.430323502227775,29.79187202218869,30.191866490554855,1488825
2004-07-21,30.338016510009766,31.107236773395698,30.199557604808316,30.69185799610241,2778040
2004-07-22,29.830324172973633,30.268779322422848,29.538020052778016,30.238010684685246,2362869
2004-07-23,29.676488876342773,29.938022366663645,29.353416032492746,29.79187129854316,1425591
2004-07-26,29.54571533203125,29.807250842105564,29.26879756315228,29.676484117912718,1221062
2004-07-27,30.06110382080078,30.26110005127413,29.19188531113419,29.54572479581781,1836686
2004-07-28,30.30724334716797,30.461086552239525,29.814943029250376,30.13801582158926,1558805
2004-07-29,31.15339469909668,31.23800848796178,30.438019451676848,30.70724720520961,2568592
2004-07-30,30.684167861938477,30.99185433826988,30.538016785681062,30.907240557278744,2455824
2004-08-02,30.83031463623047,30.891851922910032,30.484165336969163,30.61493413285201,1382732
2004-08-03,30.57647705078125,30.768781095064234,30.322633650638682,30.768781095064234,1212841
2004-08-04,30.87647247314453,30.91493328338787,30.11494636863731,30.39955636443802,1823056
2004-08-05,30.261083602905273,30.88415050547902,30.153393383492947,30.87645834694957,1659348
2004-08-06,29.599567413330078,29.97648332778417,29.461106444290632,29.8611009049921,2795324
2004-08-09,29.86109161376953,29.9995504780388,29.614940460046956,29.691864112995983,1953670
2004-08-10,30.291868209838867,30.291868209838867,29.876489368532233,29.922642344045276,2202112
2004-08-11,30.34571075439453,30.468785345243887,29.822641681595705,29.93033194858889,1778651
2004-08-12,29.884180068969727,30.18417645681578,29.73802898699585,30.18417645681578,1158881
2004-08-13,29.599567413330078,29.8611009049921,29.199572952628607,29.79956361283633,1658575
2004-08-16,30.499553680419922,30.64570474567646,29.71494910145437,29.76110206943012,2598313
2004-08-17,30.76878547668457,30.9380130597524,30.691863848017373,30.92262873401896,2853500
2004-08-18,31.15339469909668,31.15339469909668,30.399558638556346,30.63801774159271,2265769
2004-08-19,31.15339469909668,31.399543903067883,30.861090457691613,30.884166945563916,2777337
2004-08-20,31.468769073486328,31.59184572037018,31.076468833177675,31.17646693364851,2546601
2004-08-23,31.222633361816406,31.653396657370763,31.222633361816406,31.653396657370763,1651690
2004-08-24,31.461071014404297,31.537992610691038,31.284149281256333,31.307225760142355,2094684
2004-08-25,32.191837310791016,32.268758928750245,31.268773771902218,31.461079878489322,2712908
2004-08-26,32.768760681152344,32.95337467762827,32.038003044266944,32.038003044266944,3346660
2004-08-27,32.83797836303711,32.991823648462244,32.63029001099316,32.73798026760854,1970041
2004-08-30,32.768760681152344,32.99952766132484,32.66876254980976,32.699531205607485,1977489
2004-08-31,32.9302978515625,33.03798814576153,32.70722303760347,32.72260736534619,2303780
2004-09-01,32.73798751831055,33.07644474717959,32.59952858628248,32.78414049565324,2329776
2004-09-02,32.85335159301758,33.14565568111369,32.6687397868652,32.737969214172345,2859191
2004-09-03,32.93798065185547,33.23028279587176,32.884135520063,32.922594266797184,2424488
2004-09-07,33.368743896484375,33.39182038162723,33.176437791938255,33.26874373250966,2052387
2004-09-08,32.83797836303711,33.222588484066634,32.73798026760854,33.17643551694576,1803523
2004-09-09,33.0072021484375,33.26873558265522,32.56874697644282,33.04566294758716,1979456
2004-09-10,32.576454162597656,32.71491310340248,32.30722638267658,32.62260714286593,2672578
2004-09-13,32.40721130371094,32.69951337439544,32.39951708226759,32.65336041586631,1713519
2004-09-14,32.368751525878906,32.85335969827483,31.9379884768949,32.85335969827483,2168106
2004-09-15,32.422611236572266,32.64568397688542,32.22261292494685,32.48414648255538,2184196
2004-09-16,32.75337600708008,32.87645062897016,32.3995344074565,32.422612960750484,1542645
2004-09-17,32.61491012573242,33.045673272486226,32.59183363903253,32.84567499273134,1504634
2004-09-20,32.8764533996582,33.07645173877419,32.52261383190412,32.62261197061723,1440064
2004-09-21,32.899497985839844,33.06103534570789,32.72257837354716,32.94565298986483,1062624
2004-09-22,32.514896392822266,32.84565920991774,32.514896392822266,32.71489251478697,1658364
2004-09-23,32.099525451660156,32.58413361715432,32.045680329015106,32.5225963341314,2674405
2004-09-24,32.82259750366211,32.961058481322155,32.222606806098874,32.2687597780892,3010111
2004-09-27,33.0225944519043,33.23028281752488,32.591831335594804,32.66106079080167,2036016
2004-09-28,33.949031829833984,34.08857965293897,33.20477469537087,33.21252735221004,3375607
2004-09-29,34.72430419921875,34.74756217143059,33.9567869604214,33.9567869604214,4921414
2004-09-30,35.02665328979492,35.19721172041676,34.51497384212348,34.66227638283621,4238972
2004-10-01,35.17396545410156,35.25149204384616,34.701053256659485,35.01891227461236,3414672
2004-10-04,35.119686126708984,35.538329558837425,35.09642608035439,35.27473924971952,3687706
2004-10-05,35.19721984863281,35.336767687731495,34.732058307067106,35.04216669407872,3784314
2004-10-06,35.94148254394531,35.97249317778765,35.06542590418838,35.25924444360662,2599718
2004-10-07,35.22823715209961,35.8484540435977,35.18947177821513,35.71665675935965,2152087
2004-10-08,34.956886291503906,35.197220765224884,34.64677997432006,35.11969418592892,1631736
2004-10-11,34.84834289550781,35.27474108386075,34.80957961273965,34.89485883482961,863786
2004-10-12,34.66227722167969,34.778567063554306,34.197115776278224,34.615759207026834,1243826
2004-10-13,33.93353271484375,34.78632927873998,33.569155698938474,34.724308012697136,2427860
2004-10-14,33.71645736694336,34.08858495308226,33.57690744423775,33.93353179219105,1656538
2004-10-15,34.274662017822266,34.53049981684686,33.66219767647012,34.18938275148073,1895003
2004-10-18,34.592506408691406,34.80183023325331,33.87150720340851,34.03431300636519,1459527
2004-10-19,33.71645736694336,34.840596939211665,33.65443610258688,34.61576777801589,2042129
2004-10-20,33.274566650390625,33.941297578003606,33.24355600621813,33.35209326082186,3359237
2004-10-21,33.003211975097656,33.483878899885084,32.56906100323446,33.297815088188166,3445447
2004-10-22,33.8017463684082,34.9026303624152,32.42176660418566,33.13501342819617,8671020
2004-10-25,33.9722900390625,34.28239839271135,33.414096664817144,33.55364448890268,2541191
2004-10-26,34.36768341064453,34.42195201804609,33.7009527275218,34.158361639238514,2262677
2004-10-27,34.89486312866211,35.073176329240326,34.03431398951156,34.344422367719005,2911676
2004-10-28,34.16611862182617,34.62352759143689,33.64668837876366,34.577011636348054,2762442
2004-10-29,34.84061050415039,35.00341638647345,34.04983491991545,34.04983491991545,2345304
2004-11-01,35.0344352722168,35.25150983304543,34.56152075822101,34.73208141963405,2943434
2004-11-02,34.88711929321289,35.329018778668,34.72431137617689,35.00340710040356,1982829
2004-11-03,35.577117919921875,35.73992172644092,35.28251263991842,35.344538085031296,2890106
2004-11-04,36.59269332885742,36.63145868579449,35.27473768589056,35.577093340259836,3406663
2004-11-05,36.92607116699219,37.27494286542458,36.755512685844764,36.8252886878541,3825557
2004-11-08,36.99584197998047,37.21291638008497,36.786518159119275,36.902810094221394,2386477
2004-11-09,37.2982063293457,37.56179673340895,36.93382928111923,36.93382928111923,4180585
2004-11-10,37.52302932739258,37.63932128313995,37.22842830352181,37.32146020579679,3974721
2004-11-11,37.64707565307617,37.794378257741755,37.43000119258521,37.52303310422419,2142531
2004-11-12,38.26728057861328,38.337056568412194,37.68582923491251,37.68582923491251,3162226
2004-11-15,37.91065979003906,38.16649955452857,37.61605466179987,38.02694756967496,2254597
2004-11-16,37.592811584472656,38.05022059130496,37.561800945223276,37.647078125255064,2429476
2004-11-17,37.87189483642578,38.74795133975153,37.71684169136104,38.29829306325715,5324079
2004-11-18,38.24403381347656,38.76346402612982,38.003699315017094,38.06572058483793,2497980
2004-11-19,37.89516830444336,38.453359824327286,37.67033908658607,38.453359824327286,2057586
2004-11-22,38.38357925415039,38.49986704983991,37.7556118588441,37.90291028749178,2059483
2004-11-23,38.48435592651367,38.724690373579264,38.22852032111509,38.492110661486684,2484209
2004-11-24,38.80223846435547,38.83324910983327,38.5463985612592,38.6394304976926,2115551
2004-11-26,39.08907699584961,39.344916820293534,38.81773185343356,38.91851849815618,1019413
2004-11-29,39.38368225097656,39.48446890648234,38.77122004764637,38.91852266204528,2113584
2004-11-30,39.127830505371094,39.64726478882922,39.104574610897686,39.18985592084923,2081826
2004-12-01,39.55424499511719,39.80233010966791,39.08908124952658,39.22087854453565,2062575
2004-12-02,38.71695327758789,39.561995270379995,38.49212406636505,39.41469265685331,2556718
2004-12-03,38.57738494873047,38.9340113032823,38.29053873633819,38.53086900976365,3079458
2004-12-06,38.83323669433594,38.94952865560203,38.55414097426631,38.647172880956184,2054424
2004-12-07,37.740116119384766,39.073577830775086,37.67809483772979,38.91076988852665,3074681
2004-12-08,37.67033386230469,37.716849815843986,36.740010635711215,37.25168612464349,3627773
2004-12-09,37.848636627197266,37.98042971453661,36.646968592747015,37.40673311289266,2632951
2004-12-10,37.77113342285156,38.337079795687494,37.5618094824382,37.995958530604796,1823548
2004-12-13,38.22853469848633,38.321566618311735,37.809886903463884,37.856402863376594,1670730
2004-12-14,37.988197326660156,38.60841007922096,37.988197326660156,38.13549577748946,2402988
2004-12-15,38.4998664855957,38.60840369935857,37.933920364500096,38.28279205806999,2513789
2004-12-16,38.1975212097168,38.56964886126461,38.01145322813511,38.298303704107106,1759118
2004-12-17,38.38357925415039,38.69368558373197,38.09672882138384,38.10447940171981,3764360
2004-12-20,38.80223846435547,38.96504643101834,38.4533666248258,38.5463985612592,2118502
2004-12-21,39.08131408691406,39.1433395016404,38.43784144771937,38.80221842177565,2084917
2004-12-22,39.337158203125,39.69378463711335,39.01154655782911,39.081318403917514,2666747
2004-12-23,39.36042785644531,39.59300765981585,39.15110395550776,39.337167798204185,1125507
2004-12-27,39.189857482910156,39.771308893408914,39.189857482910156,39.42243721594828,1709233
2004-12-28,38.92627716064453,39.4302021772614,38.89526651826222,39.34492498861423,2384088
2004-12-29,39.023826599121094,39.20333332056696,38.836508871080824,39.05504552317435,1563091
2004-12-30,38.94579315185547,39.29700830206003,38.85994316278846,39.21896095576154,1620634
2004-12-31,38.64139175415039,39.06284721868828,38.61017283085129,39.06284721868828,1418494
2005-01-03,38.602359771728516,39.25796123881405,38.48529092013035,38.93016259713126,2760756
2005-01-04,37.76725769042969,38.96138778132787,37.3848237884351,38.60236597993017,3809468
2005-01-05,37.384830474853516,38.204329449286355,37.111662755468785,37.85311440775189,2136840
2005-01-06,37.814090728759766,38.1496962871397,37.38482838902559,37.38482838902559,2133046
2005-01-07,37.45507049560547,38.0638437843366,37.43165839111959,37.97799382292664,2282139
2005-01-10,38.009212493896484,38.22774499165034,37.353610816913644,37.509705458166394,2569014
2005-01-11,37.22872543334961,38.00920262059731,37.17409023124258,37.775056535818855,2264223
2005-01-12,37.73604965209961,37.96238900300035,37.22873991066668,37.46288190277684,2703212
2005-01-13,37.77505874633789,38.243346759577854,37.48628580999442,37.74383982436993,2118643
2005-01-14,38.859928131103516,38.98480383687705,37.603360066175775,37.85311147772284,3335770
2005-01-18,39.000396728515625,39.125272381228484,38.21211707890606,38.508696754099105,2444231
2005-01-19,38.45407485961914,39.125281651993724,38.41504911703956,39.047234350554824,1520302
2005-01-20,38.344810485839844,38.63358763845095,37.92335499177132,38.37603359504732,2167755
2005-01-21,38.10285568237305,38.61796781469921,37.993589472485674,38.399435394924474,1718086
2005-01-24,37.564353942871094,38.59458312275602,37.431671359079736,38.344827424812124,1998708
2005-01-25,38.01700210571289,38.360410198783356,37.5643278012109,37.79846968284986,2467487
2005-01-26,38.040443420410156,38.290194925188196,37.54093622713146,38.25897598709094,2908584
2005-01-27,37.89992904663086,38.703822448611035,37.626765610102304,38.44626428712768,3533413
2005-01-28,38.38383102416992,38.586754012286896,37.97017822576362,38.43846204449509,2750849
2005-01-31,38.789669036865234,39.078446090990404,38.50089616645955,38.789669036865234,2440648
2005-02-01,39.66381072998047,39.78868641419124,38.80528621731107,38.94577136204819,3197286
2005-02-02,40.217960357666016,40.49893491251039,39.71845747566986,39.788697976589795,3865817
2005-02-03,39.92137908935547,40.11649948749631,39.66382083320498,39.99942641186753,2546531
2005-02-04,40.374053955078125,40.42868498384947,39.80430227862164,39.80430227862164,2277783
2005-02-07,40.2647819519043,40.53794963621715,40.132103613144956,40.35844291018025,1434795
2005-02-08,39.866737365722656,40.27258333396316,39.81990898477183,40.178926572061506,1947136
2005-02-09,39.24235916137695,39.96039860004043,39.10967664197282,39.86674182765659,1723918
2005-02-10,40.25697708129883,40.39746223534509,39.10187274208677,39.3204052039365,2538240
2005-02-11,40.31161117553711,40.59258147587148,39.79649477453696,40.19453812520422,2552433
2005-02-14,40.81893539428711,40.81893539428711,40.046260515658254,40.116505207796145,2377413
2005-02-15,41.786712646484375,41.92720199819879,40.81111911022527,40.81892593364097,3941488
2005-02-16,42.04426956176758,42.06768584755966,41.52915729527157,41.755496595137835,2323874
2005-02-17,41.794517517089844,42.09890412538053,41.646225532609556,42.04426891518648,2067914
2005-02-18,41.86476516723633,42.106709759489995,41.44330546925171,41.81793677676261,2565923
2005-02-22,41.20917510986328,42.11452843077068,41.10771147676588,41.560390229080724,2423434
2005-02-23,42.41889572143555,42.4579172814115,41.34183874703785,41.34183874703785,3299023
2005-02-24,43.23838424682617,43.23838424682617,42.26279109044812,42.379859926330624,4712248
2005-02-25,43.89400100708008,43.90180364647071,42.73108977509194,43.03547638574342,3234945
2005-02-28,43.043296813964844,43.59743505366295,42.21599077572534,43.51158506628192,4444836
2005-03-01,43.113525390625,43.667663423062216,42.77011301837757,43.22279163242886,3724874
2005-03-02,42.614017486572266,43.05108662827116,42.496948607545775,42.707678447002756,2287128
2005-03-03,42.762298583984375,42.95741891096226,42.41108366891213,42.809126960412684,1982337
2005-03-04,44.03448486328125,44.05789696447945,42.96523043802602,42.96523043802602,3489149
2005-03-07,43.27742385864258,44.11253216951654,43.254007573725765,44.03448485932836,2768484
2005-03-08,43.355472564697266,43.652052352961014,43.18376429303423,43.23839950378535,2338278
2005-03-09,43.698890686035156,44.292054581282,43.62864599675681,43.62864599675681,3353686
2005-03-10,42.86376953125,43.831560327627926,42.34085047932485,43.70668463567214,3092246
2005-03-11,42.59841537475586,43.39450229788431,42.41890861361319,42.96523990536296,2729981
2005-03-14,41.841346740722656,42.777918686029764,41.37306285992956,42.777918686029764,3690024
2005-03-15,41.72428894042969,42.37208815472458,41.72428894042969,42.2237961130379,2675670
2005-03-16,40.30382537841797,41.46673711481681,39.890172350830554,41.287226126319624,6740325
2005-03-17,40.83452606201172,41.32622617982424,40.18673133278577,40.40526797248505,3411159
2005-03-18,40.96719741821289,40.9671974182129,40.33501232227218,40.84232176308578,4446452
2005-03-21,40.522335052490234,41.00623251025652,40.20233902134161,40.96720676726362,1793968
2005-03-22,40.80329895019531,41.54475448117401,40.584766538077645,40.63159491210286,2793005
2005-03-23,40.48329544067383,41.02182367802219,40.28817518015912,40.857922324492364,2777478
2005-03-24,40.13991165161133,40.8423417389776,40.10869272256045,40.608199771095975,2006577
2005-03-28,39.88236618041992,40.51455597194743,39.80431883277259,40.498946502417965,2373478
2005-03-29,38.61355972290039,40.30266070406377,38.574280655243136,40.14553179944707,4218596
2005-03-30,38.519290924072266,38.91996106020909,37.90650452452703,38.84925704284958,6871993
2005-03-31,39.16350555419922,39.43847590958066,38.692127200498206,38.723556354652736,3937553
2005-04-01,38.60572052001953,39.60346481381718,38.53501227503765,39.32064025655136,3588498
2005-04-04,38.69998550415039,38.79426033253275,38.1814739480474,38.69212716278697,2355913
2005-04-05,39.20278549194336,39.24206877700584,38.58999909334168,38.82568616972694,2671384
2005-04-06,39.304908752441406,39.55630823718976,39.04565092813027,39.35990449539452,2852516
2005-04-07,39.50132369995117,39.66630674669476,38.95138301835894,39.24992417068823,2215251
2005-04-08,38.542850494384766,39.59559000810355,38.503567220720804,39.55630673443959,3007511
2005-04-11,38.37788391113281,38.68427925834965,38.110771854395516,38.62928770527485,3104541
2005-04-12,37.90651321411133,38.377887475664195,37.01875203785716,38.377887475664195,5158123
2005-04-13,36.79090881347656,37.74936943586198,36.37452627349698,37.60010308394196,5124538
2005-04-14,35.57319259643555,38.40145020387987,34.418319581946704,36.41381195809949,8424967
2005-04-15,34.80326461791992,35.81672501579348,34.64613995421746,35.35320515220699,5694001
2005-04-18,35.26680374145508,35.50249086572251,34.850421049583915,34.88970223696182,4006338
2005-04-19,35.78532028198242,36.29597362158815,35.565341417304055,35.66747461202368,3401393
2005-04-20,35.18036651611328,36.29595375308,34.976102344154214,36.29595375308,3600020
2005-04-21,35.96601104736328,36.13099414031363,35.19609766770133,35.68318649773189,2964512
2005-04-22,35.612449645996094,35.97384049153858,35.219638087066606,35.824569993481695,2437626
2005-04-25,36.35879898071289,36.586627585843836,35.74600871966178,35.83242937079936,3011235
2005-04-26,35.72244644165039,36.57878218625902,35.70673397508863,36.35880765439438,2709255
2005-04-27,35.17252731323242,35.72246391184237,34.80328206278619,35.72246391184237,3852678
2005-04-28,35.13323974609375,36.154552492239944,34.803275741196444,35.74602823604742,5586432
2005-04-29,36.08383560180664,36.531642982364914,35.41605370024773,36.0209857386636,5508021
2005-05-02,36.940162658691406,37.003012514290276,36.14668112609178,36.17810605389121,3058661
2005-05-03,37.25442123413086,37.51367905884208,36.924459409889465,37.003021748994556,3468141
2005-05-04,38.37788391113281,38.37788391113281,37.43513126425894,37.51369363388756,3479102
2005-05-05,38.50358200073242,38.809977334407,38.15790758964484,38.45644458103866,3978515
2005-05-06,38.35429763793945,38.88852147746566,38.32287270620262,38.69211354844629,2195789
2005-05-09,38.28360366821289,38.44858672682967,37.89864600566032,38.299316139922595,1995686
2005-05-10,37.7493782043457,38.05577353095923,37.5922534756542,37.961498693744325,1982477
2005-05-11,37.62366485595703,38.04790568179172,36.845895623698304,37.827931140936734,2672087
2005-05-12,36.256690979003906,37.81223429759418,36.091707899528004,37.80437595508086,5160512
2005-05-13,35.40821838378906,36.41382105923956,34.99969190207502,36.31169207089293,5651353
2005-05-16,34.5125846862793,35.07823562719425,33.687678029207824,34.88182978162114,5093975
2005-05-17,35.3453483581543,35.36891916440406,34.1904778181382,34.410452356935814,3690516
2005-05-18,36.209537506103516,36.37452051244188,35.22750412409578,35.47890569745392,3518026
2005-05-19,36.468807220458984,36.94018137629599,36.225261800944914,36.80662747114045,3713702
2005-05-20,36.10741424560547,36.1624099998745,35.53390694735409,35.903152122218486,2409663
2005-05-23,36.33525466918945,36.53166270320226,36.07599673810543,36.256692297850435,2299986
2005-05-24,36.48453140258789,36.56309378710985,36.154565176264384,36.29597746840392,2245744
2005-05-25,36.00527572631836,36.492362198867525,35.67530971100488,36.492362198867525,2043534
2005-05-26,36.138832092285156,36.28024851511751,36.0052782204185,36.20168196406449,1402194
2005-05-27,36.04457473754883,36.170274541971864,35.8324584232504,36.13884959086611,1416597
2005-05-31,35.5810432434082,36.09955898244189,35.47105594965278,35.95028840668047,2664569
2005-06-01,36.17026138305664,36.366669361678916,35.51033764991913,35.72245388704865,2715929
2005-06-02,35.730308532714844,35.887433214832456,35.52604644596195,35.785304277120474,2046134
2005-06-03,35.588897705078125,36.12312164508725,35.4710520832351,35.533901958530286,3401393
2005-06-06,35.376792907714844,35.675329947327796,35.25894933944657,35.596767568482285,2418024
2005-06-07,35.8245735168457,36.099543740803476,35.408191117765355,35.43961604557037,4775904
2005-06-08,35.76959228515625,36.29595787159398,35.722450668564385,36.115266590417406,3079880
2005-06-09,35.510337829589844,36.020995207528024,35.235367500393274,36.00528273761192,2252068
2005-06-10,35.67531967163086,36.0131399090284,35.565332372927195,35.683178012917416,1813992
2005-06-13,35.99742889404297,36.288111729469804,35.588904625188434,35.62818369922103,2058289
2005-06-14,36.48453140258789,36.633797827513995,35.98958627443388,36.02101122824267,2409592
2005-06-15,36.940162658691406,36.955875122591124,36.50806779578528,36.64162584459677,3478188
2005-06-16,37.56869125366211,37.97721559590632,37.073746194893204,37.073746194893204,4133791
2005-06-17,37.00302505493164,37.710090381377185,36.93232104908461,37.710090381377185,4611916
2005-06-20,36.22526168823242,36.80662735661908,36.02099955467194,36.73591912779859,2928819
2005-06-21,35.52605438232422,36.28811136649923,35.52605438232422,36.2331156098078,3739277
2005-06-22,35.64389419555664,35.8324480589843,35.22751371384025,35.73031489176639,2941115
2005-06-23,34.905418395996094,36.10742706795641,34.72472491498648,35.92673569261239,3896240
2005-06-24,34.30832290649414,35.10966297475924,33.87622793679546,34.70899294062669,4817780
2005-06-27,34.473304748535156,35.18037002918319,34.44973604622452,34.72470634551308,4473572
2005-06-28,35.31645202636719,35.34020418135381,34.86520139705321,34.86520139705321,4044982
2005-06-29,35.78352355957031,36.021023779979465,35.32435222305159,35.32435222305159,4000647
2005-06-30,35.25309753417969,36.02101905653253,35.15018078549789,35.87060014813403,2720075
2005-07-01,35.37977600097656,35.71227635595655,35.11852360019957,35.5618595287037,1733473
2005-07-05,35.340187072753906,35.52227057187219,34.96018460490412,35.37977044212745,2259024
2005-07-06,35.292694091796875,35.66477998259921,35.13436057309987,35.33227959333549,2263801
2005-07-07,35.284767150878906,35.284767150878906,34.55642897682975,34.833514659141926,3304925
2005-07-08,36.21894454956055,36.29811129362561,35.37185614433652,35.42727286518206,3740120
2005-07-11,36.725624084472656,37.23229566091504,36.45645706396885,36.49603832747239,3237545
2005-07-12,36.89979553222656,37.27188152245466,36.41687604929453,36.61479512241647,2866920
2005-07-13,36.725624084472656,37.2560435702713,36.49603832747239,37.01854325806206,2306450
2005-07-14,37.48562240600586,37.60437466204898,36.81270285712811,36.81270285712811,3339845
2005-07-15,37.620208740234375,37.7231234033138,37.517289833426325,37.667708794823795,1901045
2005-07-18,37.34312057495117,37.92103999064042,37.34312057495117,37.62020633084107,2070444
2005-07-19,38.06354904174805,38.245634737101696,37.75479651266294,37.76271531163583,2705882
2005-07-20,38.65729522705078,38.72854743050385,37.92104226210258,37.96062351889869,2715297
2005-07-21,38.33271789550781,38.760222723513074,38.17438434577607,38.657303794322665,2056392
2005-07-22,38.475215911865234,38.74438290148091,38.237711383181384,38.25354473551172,1897532
2005-07-25,37.928958892822266,38.760216255800735,37.928958892822266,38.4672971158101,2580888
2005-07-26,37.22435760498047,37.944776967857386,36.82060516123029,37.936862416742784,4518399
2005-07-27,37.69145965576172,38.08729771877441,37.30354039099918,37.48562606973418,3198550
2005-07-28,38.340633392333984,38.59396705008352,37.78646177227769,37.78646177227769,2633092
2005-07-29,37.96060562133789,38.4276913911749,37.8022721813468,38.316857983181144,2530792
2005-08-01,37.66770553588867,38.00020588924732,37.382700989281574,38.00020588924732,1981002
2005-08-02,37.968536376953125,38.261455455082285,37.66770274619428,37.66770274619428,2020067
2005-08-03,37.9764404296875,38.01602591307498,37.56477346983702,37.778525743930466,2434465
2005-08-04,37.33519744873047,37.96061684344823,37.24811615285526,37.84186885021333,2291203
2005-08-05,37.38269805908203,38.150621847238476,37.216450017298,37.248116715135716,2923761
2005-08-08,37.6597900390625,37.8497902576314,37.12937064036001,37.61228998442027,1815397
2005-08-09,38.11103057861328,38.308949531974896,37.643944734414426,37.643944734414426,2278416
2005-08-10,38.11103057861328,38.712701990094395,37.99227835785085,38.28519739033149,3443479
2005-08-11,38.9027099609375,39.14812900314471,38.229790476842254,38.269371729227075,3362539
2005-08-12,38.277286529541016,38.79187246291454,37.921034076632,38.57812014242359,1824672
2005-08-15,38.324798583984375,38.49104666870743,37.905212607398845,38.19813175991765,1235184
2005-08-16,37.46186828613281,38.4356213467186,37.42228279277613,38.35645460373308,2301883
2005-08-17,37.5964469909668,37.78644716080864,37.097694423268166,37.390613473638126,1509833
2005-08-18,37.20853805541992,37.667709502135075,37.145204648111445,37.438123778777495,1447652
2005-08-19,37.27186584472656,37.604370426706225,37.12936569976159,37.49353273689429,1470347
2005-08-22,37.026451110839844,37.833956269908136,36.733536234002464,37.30353688012462,1763264
2005-08-23,36.49604415893555,36.97104910298129,36.17937702539173,36.963130302777685,2927906
2005-08-24,36.13187026977539,36.53562291220125,36.06062229977626,36.37728937472625,2643139
2005-08-25,35.37186050415039,35.62519623824782,35.11060809467067,35.62519623824782,3963128
2005-08-26,34.706871032714844,35.25312399998145,34.45353730731128,35.17395721079283,3371462
2005-08-29,34.9443359375,35.03933598234832,34.3030813910481,34.62766699947606,2370949
2005-08-30,34.5247802734375,34.770197269138556,34.18436102850357,34.770197269138556,3042080
2005-08-31,34.20018768310547,34.896859391053795,34.07352087142916,34.42185672540332,4454321
2005-09-01,34.0814323425293,34.48518486495416,33.97059889923807,34.20018246034132,4440128
2005-09-02,34.20809555053711,34.52476462005256,34.20017887684582,34.23976224530228,3240777
2005-09-06,34.19226837158203,34.556437548942874,33.89143471704128,34.326851848613416,3229184
2005-09-07,35.30852508544922,35.37977515982239,34.28726765384152,34.29518645063596,4143557
2005-09-08,35.36394119262695,36.131860769329926,35.261022298464894,35.585608086807255,3758037
2005-09-09,35.53019332885742,35.6489434573092,35.0868573941066,35.42727655086588,2122718
2005-09-12,35.601436614990234,35.76768888497445,35.18976745968537,35.50643653034998,2170776
2005-09-13,35.031455993652344,35.546042230604165,34.936455849328645,35.42729205019953,2229865
2005-09-14,35.023521423339844,35.25310498817366,34.786019061992576,35.05518812193761,2033346
2005-09-15,34.45352554321289,34.91269488558942,34.255606515955314,34.80185929670482,3123301
2005-09-16,34.68310546875,34.809772274744574,34.192269473656786,34.619772065752706,3875442
2005-09-19,34.152679443359375,35.34810143577656,34.073512705035554,35.34810143577656,2588617
2005-09-20,33.45600128173828,34.55642290061177,33.32933241165668,34.390172793575175,3171359
2005-09-21,32.16558837890625,33.25017702381955,31.809335906287963,32.65642431736506,5789416
2005-09-22,32.775177001953125,32.84642707768586,31.91225729621481,32.221007624389976,4058542
2005-09-23,33.07600402832031,33.400589742669645,32.743501640983524,33.05225400935794,4250775
2005-09-26,33.25810623168945,34.19227841388518,32.88602026992714,33.64602554834103,4524933
2005-09-27,32.96518325805664,33.37685253326072,32.7830975875997,33.266016947035645,4031421
2005-09-28,33.07291793823242,33.479945054534554,32.93724294582276,33.09686058395177,3204382
2005-09-29,32.69780731201172,33.088870415676205,32.45837878294051,33.009061619009984,4077442
2005-09-30,33.25648498535156,33.51187324186883,32.45041152257206,32.62599094892768,5186297
2005-10-03,33.65553665161133,33.77525206266029,33.25649241169451,33.264473296492845,3456478
2005-10-04,33.5278434753418,33.95881340612937,33.3602448896754,33.72736774020911,3284479
2005-10-05,32.993125915527344,33.55977095842991,32.81754642420026,33.44803855485812,3169954
2005-10-06,32.873390197753906,33.26445548252079,32.36261170512149,33.05695044981441,3761550
2005-10-07,33.5278434753418,33.974775176192836,33.3602448896754,33.51986259031006,3679345
2005-10-10,33.719364166259766,34.17427644604343,33.44003123903127,33.60762971192484,2681993
2005-10-11,33.879005432128906,34.541421045970836,33.77525392403273,33.7832348092709,2885328
2005-10-12,33.83908462524414,34.317939646805925,33.679464858674876,33.878989032118206,2210403
2005-10-13,33.93486022949219,34.198231492954804,33.647548457431135,33.83908963880517,1896970
2005-10-14,34.33390426635742,34.637179922907805,34.006685963690416,34.238133681890936,1999551
2005-10-17,34.48553466796875,34.565343473645385,33.91889000859186,34.270050892641834,1871325
2005-10-18,33.97476577758789,34.677087744241625,33.97476577758789,34.52544883151332,2183283
2005-10-19,33.990726470947266,34.08649706181335,33.360234608672215,33.98274558837509,2708833
2005-10-20,33.95882034301758,35.004320773890655,33.83910704308732,33.990743889665644,3460061
2005-10-21,34.6371955871582,34.900564813546566,33.96679691456681,34.27805359391811,3531305
2005-10-24,35.35546112060547,35.43526994026086,34.80477812591012,34.812759007875655,2195789
2005-10-25,35.02825164794922,35.62682222434878,34.47756851448353,35.35547003006743,2542807
2005-10-26,35.79441452026367,36.241343944701356,35.01228374935108,35.028245514509564,5421811
2005-10-27,36.0737419128418,37.10327774376563,35.67469570715995,37.10327774376563,4736347
2005-10-28,36.58451461791992,36.70422996486749,36.02585298117092,36.55259109581998,4550156
2005-10-31,36.60049057006836,36.911747170299016,36.58452880282953,36.71222294074012,2875000
2005-11-01,36.22539520263672,36.68829083679134,36.22539520263672,36.68030781226886,3430692
2005-11-02,36.177490234375,36.84788852595397,35.67469472430017,36.84788852595397,3466665
2005-11-03,36.10566329956055,36.672307979654626,35.89816039721475,36.297204440187436,2948844
2005-11-04,36.33710479736328,36.5685481638126,36.02584835776144,36.289215242213764,2445215
2005-11-07,36.201438903808594,36.337116036358545,36.13759184805481,36.31317125137771,2616651
2005-11-08,36.31318283081055,36.33712762342682,35.93010037413173,36.07375629538629,2043112
2005-11-09,36.33710479736328,36.7042252543979,36.281236501785514,36.48873936880508,2114497
2005-11-10,37.42252731323242,37.49435312541522,36.32115683767385,36.39298692800378,3608592
2005-11-11,37.669921875,37.67790489528174,36.97558307076294,37.50232550868852,2432006
2005-11-14,37.19107437133789,37.64598680498216,37.06338025356357,37.57415672466084,2547093
2005-11-15,36.911746978759766,37.36665948177924,36.84789991013579,37.27886762334767,2012057
2005-11-16,35.802391052246094,36.871831326983056,35.66671606488575,36.75212024191464,4956193
2005-11-17,36.55260467529297,36.656358299735544,35.82634213863638,36.009904597978185,4079480
2005-11-18,36.9915657043457,37.52628718610455,36.337133075985356,36.83194799011147,2930997
2005-11-21,36.44086456298828,37.03145409389333,36.416924056679285,36.999530566717176,3199745
2005-11-22,36.90375518798828,36.97558097572471,36.105662834184024,36.52865165335591,2656137
2005-11-23,36.60049057006836,36.935691960230855,36.55260526835189,36.72818470797894,1441610
2005-11-25,36.59251022338867,36.95963085380792,36.496739624148866,36.84789848802815,732117
2005-11-28,36.361061096191406,36.63241111712243,36.23336696869445,36.63241111712243,2572527
2005-11-29,36.90375518798828,37.007504498751054,36.27325919099949,36.353072276711025,2893830
2005-11-30,36.11363983154297,37.191065098859845,36.06575454931636,37.031447491437824,3587373
2005-12-01,35.866241455078125,35.89816712357082,35.24373049232597,35.71460469033583,5689505
2005-12-02,35.54700469970703,36.03384067171078,35.54700469970703,35.86624213906259,3322069
2005-12-05,35.39537811279297,35.46720607601625,35.11604714470244,35.291626610359344,5053575
2005-12-06,35.93009567260742,36.3291398460988,35.63479870607667,35.834322931895926,3833356
2005-12-07,35.698638916015625,35.922103596852466,35.46719121464731,35.810371256434046,2262185
2005-12-08,35.59489059448242,35.91412802003221,35.47517522298049,35.50709875162815,2558475
2005-12-09,35.61883544921875,35.778453102352806,35.187865646683456,35.778453102352806,2377483
2005-12-12,35.70661544799805,35.754500730915815,35.35545456752828,35.610842743089734,1869498
2005-12-13,35.99393844604492,36.073747271221464,35.41132974410956,35.51508121683906,3341039
2005-12-14,35.938072204589844,36.193460459902155,35.674703066299024,35.874225140761766,5703206
2005-12-15,35.57892990112305,36.289230616692095,35.554987252477126,36.05778715218827,2805301
2005-12-16,34.892581939697266,35.71461739276309,34.493535540954426,35.706636507569705,5491440
2005-12-19,34.82074737548828,35.3075834191177,34.637187050819705,34.788823840763314,3149860
2005-12-20,34.51747131347656,35.10008009456427,34.437662477457316,34.8207470294233,3118734
2005-12-21,34.892581939697266,35.00431433240454,34.47757377056767,34.60526793366169,3400339
2005-12-22,35.20383834838867,35.5310546389662,34.92450522955336,35.03623762145788,2225790
2005-12-23,35.59489059448242,35.63479286621878,35.16392081866584,35.21978699379923,1561756
2005-12-27,35.275672912597656,35.99395698733734,35.20384493293857,35.738566476141735,1961118
2005-12-28,35.56114196777344,35.70589496687092,35.231424647752895,35.271633814168865,1591547
2005-12-29,35.52091979980469,35.931055302537224,35.44050149640788,35.44050149640788,1521988
2005-12-30,35.23947525024414,35.464648793616746,35.03038753285044,35.26360075609726,1501753
2006-01-03,35.32791519165039,35.50483762192104,34.82127770368288,35.440502976516775,3539526
2006-01-04,34.92583465576172,35.34400998256977,34.72478667015594,35.30380081653054,5007203
2006-01-05,35.84260559082031,35.88281259880095,34.96604151809735,34.974083350775366,4974742
2006-01-06,36.13212585449219,36.30904624336597,35.77828292133433,36.18842086090779,3984768
2006-01-09,35.82651901245117,36.1240689706552,35.72197518984766,36.08385980811539,3999874
2006-01-10,35.85065460205078,35.979326113809044,35.43247919391899,35.746110750017834,4042944
2006-01-11,35.504852294921875,35.898904316280806,35.368141116939526,35.38422478493745,3802582
2006-01-12,34.86953353881836,35.40834057985626,34.80519888446379,35.3842150844733,4467741
2006-01-13,34.71675491333008,35.231434543425344,34.58808554465882,34.99822131270868,2568874
2006-01-17,34.266395568847656,34.62023833941929,34.113600757754845,34.53982001779149,3292770
2006-01-18,34.00102233886719,34.32269569379238,33.78389066888291,34.097524345344745,3147401
2006-01-19,34.17793655395508,34.28248037555489,33.60696429596211,34.137727391801306,4097677
2006-01-20,33.671302795410156,34.17794045173595,33.45417329501752,34.17794045173595,3567841
2006-01-23,34.12163543701172,34.46743630293046,33.73562541870811,33.856252875862715,4108638
2006-01-24,34.210113525390625,34.45137072171811,34.01710949265662,34.17794618660162,3485285
2006-01-25,34.82931900024414,35.34399831099448,34.52372943926016,34.56393859202121,5294358
2006-01-26,34.64436340332031,34.98212250534895,34.41918995016479,34.82128370869235,5710583
2006-01-27,33.92060089111328,34.7408700263998,33.69542740789434,34.652409861903266,5375088
2006-01-30,34.16184616088867,34.31464094697995,33.78387795567498,33.984925882256675,4598285
2006-01-31,34.01710510253906,34.459408109215865,33.97689593424205,34.1859836093865,3191314
2006-02-01,34.03318405151367,34.11360237695853,33.60696477124651,34.00101672133573,3617656
2006-02-02,33.671302795410156,34.210107785127455,33.631093628670776,34.03318745147419,3380596
2006-02-03,33.21291732788086,33.67130400052532,33.13249899152388,33.57480199689695,3789935
2006-02-06,33.003822326660156,33.37374874719003,32.77060704758791,33.212909954771824,3689041
2006-02-07,32.77061462402344,33.365712473950126,32.56956878128122,32.851032961120325,3309773
2006-02-08,32.706268310546875,32.89123257543009,32.37655109042294,32.730393803087,4040344
2006-02-09,33.29332733154297,33.992970993560384,32.81081527875512,32.85102443687001,5975677
2006-02-10,33.783897399902344,34.01711278409813,32.94754435505418,33.41397296803555,4006690
2006-02-13,33.840179443359375,34.04122742146087,33.61500812194437,33.87234677499009,3170516
2006-02-14,34.435264587402344,34.58001751751875,33.67932830819953,33.74366294380682,4412867
2006-02-15,34.90974807739258,34.95799907261486,34.242271665998786,34.29856449375812,3164474
2006-02-16,35.368125915527344,35.46462788203782,35.00624138570419,35.04645053841689,3462450
2006-02-17,35.223392486572266,35.62548641655379,35.03843027026946,35.34402001894366,2444934
2006-02-21,34.98213195800781,35.39226765942211,34.74087477553651,35.36814215671597,2204572
2006-02-22,34.724788665771484,35.19121717404162,34.644370329071414,35.014296833301465,3091192
2006-02-23,34.8132438659668,35.046459164511326,34.42723590491556,34.66044904805068,3363452
2006-02-24,34.92583465576172,35.06254582029512,34.58003367241469,34.79716316902657,2880339
2006-02-27,35.038421630859375,35.34401130418445,34.98212879629949,34.98212879629949,2656910
2006-02-28,34.60416030883789,35.10275613951365,34.60416030883789,35.03842147173739,3214921
2006-03-01,35.3520622253418,35.54506843457122,34.700671388291795,34.700671388291795,2683820
2006-03-02,35.134918212890625,35.23142020010644,34.83737041897517,35.03037439340682,3193281
2006-03-03,35.118831634521484,35.27162643493572,34.90974401290202,34.94995317090576,2634146
2006-03-06,34.628292083740234,35.295766538271984,34.45941355022752,35.19122268419268,3464839
2006-03-07,34.41919708251953,34.81324909064028,34.2664022416724,34.67653791725074,3197707
2006-03-08,34.23423385620117,34.42724001517918,33.68738702401454,34.42724001517918,3212321
2006-03-09,34.23423385620117,34.515700183481336,34.145773687899016,34.33877769146736,2261131
2006-03-10,34.41114807128906,34.49156638676615,33.77583906820172,33.816048225940264,3083463
2006-03-13,34.250308990478516,34.69261187720924,34.18597433864992,34.59610989946635,2398140
2006-03-14,34.68458938598633,34.81325876139004,34.30662094032759,34.322704612253055,3367176
2006-03-15,35.0866813659668,35.384231435261526,34.83738446514464,35.311852760257786,3783963
2006-03-16,35.263587951660156,35.545054239821134,35.06254214255186,35.22337878983849,3760847
2006-03-17,35.12688064575195,35.38422146498331,34.91779082598717,35.26359181090726,3591870
2006-03-20,34.66849136352539,35.06254331799732,34.419192396464176,35.06254331799732,3222931
2006-03-21,34.282470703125,34.588062404683654,34.18596874118293,34.547853253874464,3158502
2006-03-22,34.38703155517578,34.427242881343226,33.82410100915959,33.82410100915959,3461958
2006-03-23,34.15382385253906,34.38703708040528,33.97690347277848,34.378997400371816,2446550
2006-03-24,33.976890563964844,34.177936373673234,33.90451407246982,34.16185270889656,2724712
2006-03-27,33.960819244384766,34.121658116235906,33.944737728150976,34.121658116235906,2324998
2006-03-28,33.518524169921875,34.02516207123604,33.47027314650249,33.97691104781666,4600533
2006-03-29,33.4251823425293,34.147405507818405,33.27100033336174,34.147405507818405,4766138
2006-03-30,33.35215759277344,33.70921076120298,33.25477945592901,33.53068417698821,3153654
2006-03-31,32.94640350341797,33.270999372532565,32.71107307516883,33.019437084598735,5304335
2006-04-03,32.97886276245117,33.39272189606819,32.97886276245117,33.35214768443689,4141379
2006-04-04,33.04378128051758,33.15738907232694,32.90582896189192,33.06812580733387,3132997
2006-04-05,33.24666976928711,33.352162767235406,32.905844062475325,33.1817488263401,3007722
2006-04-06,33.13304138183594,33.30345522825602,32.97074455189073,33.2872255452615,3176348
2006-04-07,32.58935546875,33.27100672707153,32.50820702727799,33.23043033135719,5142033
2006-04-10,32.37836837768555,32.80845727727965,32.07000213600159,32.7922275895583,5084419
2006-04-11,32.0294189453125,32.548770981904426,31.696708265238204,32.50008193237809,5578493
2006-04-12,32.17549514770508,32.248528737608524,31.794095336564546,31.94016251637143,2819002
2006-04-13,32.46763610839844,32.52444002320563,32.17550168939006,32.216075914252336,3106017
2006-04-17,32.36213684082031,32.824685089427525,32.199839972880284,32.41894074459932,2694640
2006-04-18,32.337791442871094,32.686729699578684,32.224183638361644,32.41893987466356,5303492
2006-04-19,32.9139518737793,33.01133000491896,32.0862334091354,32.37836997753276,5281079
2006-04-20,33.19796371459961,33.56313379656176,32.938288758521885,33.11681529082532,3764220
2006-04-21,33.36026382446289,33.55502004786902,33.279115398043665,33.51444583465941,2639064
2006-04-24,33.4089469909668,33.4819805618697,32.986973072994715,33.270994690372426,2677918
2006-04-25,33.43329620361328,33.87961470781573,33.287229041321595,33.676743649077274,3552875
2006-04-26,33.757911682128906,33.879634388079204,33.57126802469267,33.61995710707279,3834199
2006-04-27,33.595603942871094,33.98511867691409,33.27101014365073,33.35215859345582,5587416
2006-04-28,32.95452117919922,33.52256236775653,32.87337274868789,33.514447524705396,5313821
2006-05-01,33.82280731201172,33.99321898372098,33.35214432945614,33.39271853700596,7047786
2006-05-02,33.92019271850586,33.94453724828098,33.619941342968,33.8228145994054,3296002
2006-05-03,34.244773864746094,34.48822124801455,33.75788344816377,34.082477059218654,4103649
2006-05-04,34.44765853881836,34.69110600330404,34.38273979494964,34.39085463793324,3242604
2006-05-05,34.4638786315918,34.69920901261048,34.34215602072006,34.618060605362665,3014889
2006-05-08,34.78036117553711,34.975117361783184,34.536913767752004,34.536913767752004,3398372
2006-05-09,34.853416442871094,34.89399067359793,34.47201649905999,34.65054311425806,2028428
2006-05-10,34.29347610473633,34.71545010972503,33.944535685711024,34.71545010972503,2904369
2006-05-11,33.806583404541016,34.43142848253506,33.71732013268158,34.14740680618613,2964020
2006-05-12,33.368377685546875,33.879614931927435,33.230423189714315,33.879614931927435,3349681
2006-05-15,33.20608139038086,33.6199405619213,32.92206188293608,33.37649526982577,3188152
2006-05-16,33.57125473022461,34.02568816079246,33.23854613238222,33.79847253299766,2877880
2006-05-17,33.15739822387695,33.54691293542279,32.99510133364053,33.473879334816395,3433502
2006-05-18,32.9139518737793,33.587486122473685,32.86526280820946,33.39272986019435,3003296
2006-05-19,33.30347442626953,33.5144604268226,33.02756748133664,33.116830789262934,3294667
2006-05-22,32.556884765625,33.10869615063787,32.102451476500704,33.027547737397384,4153886
2006-05-23,32.31346130371094,33.06814423044709,32.31346130371094,33.02756999648165,3079107
2006-05-24,31.972623825073242,32.54066506701915,31.891475386935003,32.313449440232084,4974250
2006-05-25,32.232295989990234,32.42705439935738,31.972621010804776,32.28098722356555,2959102
2006-05-26,32.654273986816406,32.767881804059236,32.36213959962055,32.6867333631715,1912989
2006-05-30,32.07810974121094,32.58934696404753,32.04565037309292,32.5406579118705,2647074
2006-05-31,32.354026794433594,32.524438531036935,32.061890213849416,32.297222882232475,2524750
2006-06-01,32.61369705200195,32.63804158224213,32.09434489856672,32.37836659301358,2546952
2006-06-02,33.141178131103516,33.230441446580336,32.66239999129423,32.94642180642681,3333732
2006-06-05,32.556884765625,33.14927035725812,32.500080876356655,33.14927035725812,2766939
2006-06-06,32.11868667602539,32.78410812884885,31.90770076536007,32.58934972864137,3710751
2006-06-07,31.712942123413086,32.07811001789046,31.485724369649382,31.85089443910454,6103200
2006-06-08,31.38023567199707,31.67237002714101,30.666125120577952,31.64802549754568,5454131
2006-06-09,31.023183822631836,31.52630633148055,30.92580569349563,31.323435229113453,2881815
2006-06-12,30.747276306152344,31.24228175057252,30.674242715991987,31.120559100305265,2288463
2006-06-13,30.13864517211914,30.82841089720716,30.13864517211914,30.75537516486292,4022709
2006-06-14,30.455154418945312,30.544417738742112,30.03318018674493,30.138673201050235,3533694
2006-06-15,31.047527313232422,31.153020282923887,30.5444048212641,30.633668103310725,3630513
2006-06-16,30.836532592773438,31.209817477285636,30.73915449463398,30.893336483354783,2872400
2006-06-19,30.55252456665039,31.112451055205074,30.34965343854311,30.958268997843543,3528214
2006-06-20,30.666126251220703,30.852769826644405,30.276613763334343,30.503829381268055,4437880
2006-06-21,31.023183822631836,31.38023913777624,30.690473039771483,30.755391792528954,4009500
2006-06-22,30.70669937133789,31.153017922735664,30.658010312092102,30.94203199933726,2734127
2006-06-23,30.99884033203125,31.16113721937874,30.520062339377755,30.633670160521,2458143
2006-06-26,31.33966827392578,31.33966827392578,30.8284308662265,31.006957455430566,2036578
2006-06-27,30.877117156982422,31.355895141735058,30.828428091581646,31.250402166700045,3794291
2006-06-28,30.938587188720703,31.26641405495815,30.79926170413642,31.04513240297135,2377202
2006-06-29,31.741748809814453,31.83190055643098,31.11068438687228,31.184444906831256,3329165
2006-06-30,31.987625122070312,32.110561549037705,31.831908430305823,32.00401854940937,4489451
2006-07-03,32.34822463989258,32.405593930085296,32.02859573739031,32.19250799508378,1627309
2006-07-05,31.741748809814453,32.3482263927703,31.651597063197922,32.3482263927703,3029081
2006-07-06,31.446712493896484,31.79912615287167,31.33197387824824,31.741756845047547,3023320
2006-07-07,31.02872085571289,31.217219917332756,30.897588877090524,30.897588877090524,4068449
2006-07-10,31.176252365112305,31.495881316425677,31.1762523651123,31.266404120610947,2043042
2006-07-11,31.348363876342773,31.47129810256031,30.90579846533269,31.143473499313536,2158551
2006-07-12,30.840227127075195,31.454900326881187,30.815640286948017,31.34835735299674,2885679
2006-07-13,30.151798248291016,30.733689088026942,30.06984210137424,30.733689088026942,3214781
2006-07-14,30.250146865844727,30.323907401096434,29.70923407737192,30.03705867849064,3124074
2006-07-17,29.963298797607422,30.323908063340273,29.90592949115876,30.250147526477704,2364204
2006-07-18,29.717422485351562,30.069836042714016,29.520725575756213,29.897725972239783,2603231
2006-07-19,30.487821578979492,30.577973343342965,29.856754835181373,29.922319754718448,3268600
2006-07-20,30.323915481567383,30.873024031390145,30.323915481567383,30.528805911864122,2104942
2006-07-21,29.930519104003906,30.52060565008783,29.774802400675043,30.51241223075032,2614121
2006-07-24,30.66811752319336,30.832029781499006,30.078031196666693,30.176378551650078,3089154
2006-07-25,30.807443618774414,30.938573428296372,30.135401148348002,30.85661729734515,2559740
2006-07-26,30.553388595581055,30.946778139804206,30.463236825029917,30.881213215767016,2995146
2006-07-27,27.48821258544922,29.09456198544795,27.045649355201782,28.684779020073314,22255936
2006-07-28,27.88980484008789,28.004543475514907,27.537393316990627,27.537393316990627,7648937
2006-07-31,28.340553283691406,28.455294064417465,27.570163450967378,27.94716165586621,5350848
2006-08-01,28.08650779724121,28.42252815797343,27.906201992415575,28.34057197242899,5327451
2006-08-02,28.692964553833008,28.86507241623486,28.184834382496536,28.29137734493578,5234496
2006-08-03,29.3486270904541,29.3486270904541,28.553650174600527,28.692975640856716,4530413
2006-08-04,29.463375091552734,29.8731582017708,29.348636435747455,29.750223927693717,4048635
2006-08-07,29.537139892578125,29.57811798676726,29.102769897545336,29.46337712640974,2880620
2006-08-08,29.39780044555664,29.840365882837204,29.21749690306818,29.66006234034874,2977440
2006-08-09,29.627281188964844,29.823975971291567,29.479757905592642,29.717432964197926,2967674
2006-08-10,29.758405685424805,29.807579372152063,29.43057891061632,29.643667083061203,2783590
2006-08-11,29.52073860168457,29.881347931205074,29.373217501864648,29.791196147981786,2029763
2006-08-14,29.73381996154785,29.971494986304897,29.60269012533809,29.62727696962742,2807268
2006-08-15,30.250146865844727,30.26653809590066,29.782994612623632,29.996082799977717,3135526
2006-08-16,30.90579605102539,30.954969737671046,30.38127453017833,30.487819714537338,3255532
2006-08-17,30.864809036254883,31.299178672400192,30.643527510462093,30.905787096586884,2634357
2006-08-18,30.88120460510254,30.93037828441924,30.282922643456207,30.864813378663637,2479151
2006-08-21,30.38127326965332,30.881207926435167,30.299317128644276,30.873012312334264,2357881
2006-08-22,30.64353370666504,30.700903002730062,30.323902574819076,30.40585871205482,1705228
2006-08-23,30.438629150390625,30.733673324588363,30.168174004282925,30.64352160921913,1509060
2006-08-24,30.10262680053711,30.586170299960767,30.069844339330558,30.569779069357487,2328020
2006-08-25,30.21737289428711,30.233764128947612,30.11082986899385,30.20098165962661,1683869
2006-08-28,30.135412216186523,30.250150841658307,29.922324000826,30.23375960944805,2036859
2006-08-29,30.782869338989258,30.90580358557362,30.20097837519598,30.217369608073895,2330971
2006-08-30,31.061527252197266,31.127094395015874,30.733702521243153,30.864832413624796,2614051
2006-08-31,31.2500057220459,31.479482865207252,31.02052857888454,31.127071538209456,2913151
2006-09-01,31.454906463623047,31.56145165492056,31.21723362935783,31.487688923521695,2089484
2006-09-05,31.21723175048828,31.46310018493009,31.03692603527085,31.39753526907894,2055267
2006-09-06,30.61895751953125,31.184457259853232,30.545196970353686,31.143479176976808,4181428
2006-09-07,30.250146865844727,30.56977804856239,30.078038950257397,30.561582433534422,2687403
2006-09-08,30.700899124145508,30.93857189210288,30.28292068042177,30.45502854687366,1671433
2006-09-11,30.2337703704834,30.725509708441894,29.6109011281701,30.618966661153618,3362961
2006-09-12,30.848434448242188,30.96317307904869,30.06165306894173,30.102631151372623,3645057
2006-09-13,31.258203506469727,31.627008280233884,30.89759434553085,30.93857240965728,3271411
2006-09-14,31.708969116210938,31.848294554925964,31.168056392808296,31.26640376131302,3237053
2006-09-15,31.610628128051758,32.1187584978481,31.479496080284214,31.881083446028935,3443269
2006-09-18,31.758150100708008,31.9794339273368,31.479496962597317,31.676193941448147,1824953
2006-09-19,31.5450496673584,31.840091705829895,31.25000543226075,31.758135584032257,2203447
2006-09-20,31.88107681274414,32.34822900686182,31.725360146913793,31.840098742788783,3552032
2006-09-21,31.372955322265625,31.97943532046314,31.26641231058645,31.97123750755287,4835837
2006-09-22,31.569650650024414,31.65980242439816,31.069715886415604,31.26641066686741,3883101
2006-09-25,32.03680419921875,32.0859800962478,31.553260615308194,31.81552254741119,3362469
2006-09-26,32.53673553466797,32.76621276315905,32.06138765045232,32.12695257287834,5431929
2006-09-27,32.433311462402344,32.74771463649211,32.11890607073881,32.47468030109837,3412705
2006-09-28,32.441593170166016,32.66498495379929,32.383676781816646,32.4664144794586,3233119
2006-09-29,32.25127029418945,32.64013940185813,32.23472276695132,32.59049682014374,2276519
2006-10-02,32.085811614990234,32.29265581243634,31.903788721237657,32.25128697294711,2349379
2006-10-03,31.94515609741211,32.17682158793983,31.564560573971438,31.771404761942613,3838556
2006-10-04,31.821044921875,32.02788907953719,31.548008416187518,31.821044921874996,4242063
2006-10-05,31.969961166381836,32.10234137946386,31.597639599516054,31.688650996009944,2803474
2006-10-06,32.20991134643555,32.43330525017933,31.771399522675797,31.771399522675797,2559810
2006-10-09,32.590492248535156,32.71459868541218,32.20989695787329,32.218170720331756,2109649
2006-10-10,32.49951934814453,32.76428006035101,32.193387557080804,32.706363654555844,2571824
2006-10-11,32.26782989501953,32.648425381475825,32.16027092772657,32.425033680175055,2296824
2006-10-12,32.55741500854492,32.62360514442057,32.226462111593094,32.49122487266927,3065758
2006-10-13,32.6815299987793,32.90492398293544,32.33403169520729,32.48295953959529,2395821
2006-10-16,32.78080749511719,33.02902272811538,32.706343590489816,32.78080749511719,2428984
2006-10-17,32.449859619140625,32.68152512027363,32.12718045356012,32.12718045356012,3258413
2006-10-18,32.69807052612305,33.03729720540161,32.6318803872538,32.73943936291633,2857013
2006-10-19,32.813907623291016,33.01248028382145,32.58224210650846,32.61533718033454,2028428
2006-10-20,32.929744720458984,32.95456602742743,32.507780284421244,32.83873104400057,2944769
2006-10-23,32.9793815612793,33.16967821472554,32.7394400850125,32.78908269025934,2737499
2006-10-24,33.86467742919922,33.86467742919922,33.09521265121927,33.177950322491604,5206462
2006-10-25,33.21932601928711,33.997064725029375,33.078671949073275,33.906053267832185,4613742
2006-10-26,33.69092559814453,34.12943746690408,33.31860386541305,34.12943746690408,6927921
2006-10-27,33.889495849609375,34.10461377663012,33.202768801280946,33.63300687289585,3593556
2006-10-30,34.079795837402344,34.129438440840026,33.5916413526915,33.972236863287364,2533251
2006-10-31,33.74884033203125,34.22872101255803,33.633007599594244,34.17080464633953,4048495
2006-11-01,33.62473678588867,34.129438810545906,33.442713904645416,33.76539083048573,3154567
2006-11-02,33.790218353271484,33.94742217904199,33.42617252376393,33.43444629261637,2138316
2006-11-03,33.599918365478516,34.054977825186874,33.525454453129235,33.78194126233232,2665482
2006-11-06,34.1046257019043,34.18736339507371,33.62474486394749,33.62474486394749,3351157
2006-11-07,33.78194046020508,34.27836874832016,33.78194046020508,34.071524552261295,2924744
2006-11-08,33.83987045288086,33.972250782955726,33.55856003389724,33.67439282271274,2353384
2006-11-09,33.699188232421875,34.06323607788448,33.64127188253032,33.72400952523254,2509503
2006-11-10,33.76538848876953,33.85639992307928,33.50890171935114,33.85639992307928,1618878
2006-11-13,33.922603607177734,34.17081669276093,33.80676861633133,33.939151146216616,2338910
2006-11-14,34.096343994140625,34.220450504999775,33.74884354616132,33.92259487893781,2343407
2006-11-15,34.212188720703125,34.36939035618585,33.930880530891926,33.98879692291188,3168760
2006-11-16,34.2949104309082,34.377650312784375,33.98050730655776,34.220446533035734,2606112
2006-11-17,34.0715217590332,34.121164362017566,33.68265248474875,33.997057854556665,3925468
2006-11-20,33.947418212890625,34.2452738567795,33.839859230375204,33.897775605575816,3293051
2006-11-21,33.16141891479492,33.63302608796569,32.946300864873905,33.58338346106084,7206083
2006-11-22,33.16968536376953,33.28551813431088,32.6815307560568,33.070400131876944,6379395
2006-11-24,33.15311813354492,33.177939426775254,32.747701459876694,33.029011667393284,1306780
2006-11-27,32.55741500854492,33.22759235185947,32.40021343584025,33.11175961407708,4018564
2006-11-28,32.805625915527344,33.02074382879465,32.350564356161485,32.35884033962966,4740633
2006-11-29,33.26069259643555,33.34343249673118,32.89664679245998,33.029027084814736,3083112
2006-11-30,33.10349655151367,33.36825939820416,32.88837854035676,33.1365916301532,3461326
2006-12-01,32.84700012207031,33.08693937230047,32.69807009400898,32.938011561812786,5319652
2006-12-04,32.929744720458984,33.211052866101404,32.863552350969016,33.01248241035381,5128262
2006-12-05,32.99591827392578,33.161393570473834,32.84699050703254,32.896633095996954,5376423
2006-12-06,33.29378128051758,33.49235389851795,32.99592567987725,33.00419944656171,4131543
2006-12-07,33.086936950683594,33.44271113393887,32.95455668438339,33.40134230072006,5801219
2006-12-08,33.020748138427734,33.16140217699814,32.83872304741011,32.92973670170571,2110984
2006-12-11,33.18623352050781,33.33516137112045,33.02075813093822,33.02075813093822,3164614
2006-12-12,32.91320037841797,33.0869495440685,32.6484375274714,33.07867577427562,5042052
2006-12-13,32.929744720458984,33.09522010024864,32.640160588252975,32.95456602742743,3077842
2006-12-14,33.11176681518555,33.22759957815911,32.76426630869079,32.92974390194137,5047743
2006-12-15,33.202781677246094,33.46754452305794,33.17796036834882,33.25242429504063,5772693
2006-12-18,33.16141891479492,33.46755066494952,33.07868120328684,33.46755066494952,3431535
2006-12-19,33.302059173583984,33.38479685068035,33.004203536037046,33.070393677714144,3363242
2006-12-20,33.442710876464844,33.633007507806305,33.13657929542904,33.1448530620091,3131522
2006-12-21,33.144859313964844,33.44271718460409,33.11176424140203,33.38479859004528,3371884
2006-12-22,33.09521484375,33.268963964932645,33.04557223769782,33.09521484375,2474022
2006-12-26,33.31032180786133,33.35169285015568,33.095203919310414,33.095203919310414,1798956
2006-12-27,33.52329635620117,33.60681192884364,33.364616768180476,33.55670258525816,2464958
2006-12-28,33.42308044433594,33.53165069778635,33.398025770462766,33.40637732842049,1926690
2006-12-29,33.32285690307617,33.53164582165745,33.31450534633292,33.35626313004918,2786752
2007-01-03,33.631874084472656,33.95758712867993,33.39803042903834,33.406381988161,5797425
2007-01-04,33.481536865234375,33.63186488833717,33.114068364316424,33.63186488833717,3914718
2007-01-05,33.1641845703125,33.40637976877901,33.08066674621076,33.381325093075574,3969030
2007-01-08,32.98044204711914,33.222639439974614,32.76330156383506,33.17252785925506,5062990
2007-01-09,32.89692687988281,33.1140696042519,32.63802860817816,32.99714556570397,3144379
2007-01-10,32.94704055786133,32.972095232613235,32.58792355308403,32.78000939284863,5235269
2007-01-11,33.43143844604492,33.44814156517982,33.022209788816106,33.15583698031916,3606836
2007-01-12,33.77385330200195,34.016048519958154,33.32286686462521,33.43143713474351,4235599
2007-01-16,33.890777587890625,34.2415453398139,33.69868947302656,33.723744152562226,4966803
2007-01-17,34.03275680541992,34.249899617047774,33.798913111200555,33.89913183729457,3637750
2007-01-18,34.191436767578125,34.4336320086631,34.016051768368435,34.03275488844326,3891813
2007-01-19,35.143497467041016,35.57778058788376,34.16636100475055,34.341745907227555,10459577
2007-01-22,34.84284973144531,35.57778902203595,34.67581634480215,35.57778902203595,3646182
2007-01-23,34.533843994140625,34.943072594587974,34.40021905960225,34.650765811861696,4674518
2007-01-24,35.12681198120117,35.12681198120117,34.44198185380751,34.58395836737441,3830546
2007-01-25,35.026580810546875,35.64459824120541,34.96811991398406,35.27712974852489,5906610
2007-01-26,34.82613754272461,35.03492642359978,34.33339354543647,34.88459842936965,3170165
2007-01-29,34.55888366699219,34.82613565847562,34.375149461762874,34.750971665427265,2969009
2007-01-30,34.44198226928711,34.71758374012395,34.18308391789492,34.58395878456669,3995588
2007-01-31,34.692527770996094,34.82615496000868,34.24154356275915,34.30835603805351,3707168
2007-02-01,34.767704010009766,35.03495398779228,34.64242834449971,34.65913370653562,2568382
2007-02-02,34.65077209472656,34.77604773199481,34.37517061726922,34.75099305222596,2724642
2007-02-05,34.4503288269043,35.051643278026475,34.32505544925876,34.71757869921477,5005516
2007-02-06,34.876258850097656,34.94307131492007,34.36681156740325,34.36681156740325,2934089
2007-02-07,34.94306945800781,35.1351552841646,34.84285076609992,34.86790543907689,2556437
2007-02-08,34.759334564208984,34.97647505943651,34.617355848136874,34.80944390926149,2466152
2007-02-09,35.09340286254883,35.1184575393573,34.684176474677095,34.725934269357886,3799139
2007-02-12,35.327247619628906,35.39406008897812,34.96812835845323,35.009886151796486,4409635
2007-02-13,35.66131591796875,35.8951618381417,35.435823796282286,35.49428471671952,4791853
2007-02-14,35.88679885864258,35.97866599009687,35.54438276661688,35.703064595733984,4012591
2007-02-15,36.36284637451172,36.371197933410755,35.91185995553975,35.91185995553975,4202858
2007-02-16,36.279327392578125,36.62174127541534,36.18745801485682,36.32943674128601,3919988
2007-02-20,36.229217529296875,36.2876784352924,35.953613876894465,36.12899659488106,2479361
2007-02-21,35.92021179199219,36.08724297126366,35.886805556137894,36.020430499555076,3379050
2007-02-22,35.911861419677734,36.26262690773831,35.69471864102595,35.995377012073114,3479102
2007-02-23,36.287681579589844,36.47976743021923,35.43581811299476,35.77823425906213,4352864
2007-02-26,37.573822021484375,39.46963236110725,37.38173619170416,38.768101504518626,26204801
2007-02-27,36.46306610107422,37.58218174011562,35.58614791530235,36.75537290913943,8127131
2007-02-28,36.56327819824219,36.83053028057736,36.07888561772868,36.55492664061994,5821244
2007-03-01,36.03712844848633,36.47976324849002,35.91185508200134,36.11229246837732,6072988
2007-03-02,35.37735366821289,36.15405079029558,35.21867182990207,35.920207169408926,5399679
2007-03-05,34.876258850097656,35.38570613279206,34.71757700772092,34.78439171096684,5769110
2007-03-06,35.427467346191406,35.586146965475734,35.18527213781005,35.22702993235856,4550719
2007-03-07,35.1518669128418,35.686368970890555,35.08505443538869,35.43582218044142,4661590
2007-03-08,35.66131591796875,35.794943117392165,35.360659755720135,35.4775815965946,3944087
2007-03-09,35.911861419677734,36.05383792674987,35.74482799646318,35.8366973865219,3243798
2007-03-12,36.65513229370117,36.7720562972456,36.28766388903252,36.429640318109044,5029897
2007-03-13,35.86173629760742,36.621730092697426,35.736462964090855,36.37118342566429,4974180
2007-03-14,36.229217529296875,36.521522059274524,35.77823115890788,36.371194015286015,7594133
2007-03-15,38.25029373168945,38.63446980068961,37.62392476692823,37.816012801428315,17598140
2007-03-16,37.79095458984375,38.3087555425942,37.5821679266923,38.3087555425942,10804417
2007-03-19,37.782623291015625,37.991410053739024,37.49866801103111,37.88284201156639,7946983
2007-03-20,38.0832633972168,38.450731884315914,37.55711309771998,37.9162322667172,7097109
2007-03-21,38.11668014526367,38.70964306064522,37.590529700525266,37.916242733334265,11169070
2007-03-22,37.907875061035156,38.216884863079564,37.314914601112775,37.97468750722359,8751328
2007-03-23,38.16676712036133,38.26698576756598,37.62391387624708,37.69908010007296,5941108
2007-03-26,39.31929397583008,39.46962197697759,37.949634377418164,38.10831617260782,8964710
2007-03-27,39.01030731201172,39.36942665501704,38.84327610057862,39.25250480701387,8275803
2007-03-28,39.02293014526367,39.250249455617734,38.69458103321439,39.250249455617734,6468626
2007-03-29,38.76192855834961,39.16605221903341,38.37464770856168,39.02292443105054,5768056
2007-03-30,38.610389709472656,39.05660692555301,38.05472579759203,38.09681929195222,4656320
2007-04-02,38.3914794921875,38.644053916584156,38.06313048393272,38.53460725588473,4327781
2007-04-03,38.357818603515625,38.81245275352787,38.2988822904925,38.517784727652575,5350145
2007-04-04,37.73478698730469,38.5851254692038,37.524308282151104,38.42515939674776,6728240
2007-04-05,37.440128326416016,37.642190214287986,37.027589912446885,37.54957954992757,4556480
2007-04-09,39.25865936279297,40.07532355078283,38.98082971411322,39.645944713450106,15730890
2007-04-10,38.31570816040039,38.93031274821461,38.01261882539949,38.93031274821461,7009634
2007-04-11,37.96211242675781,38.51778084495104,37.675861324123545,38.49252113817879,5728429
2007-04-12,38.72826385498047,39.233417457682684,38.27362967432084,38.81245536991744,12324508
2007-04-13,38.627227783203125,38.97241519509812,38.29887867156936,38.97241519509812,5296466
2007-04-16,38.677734375,38.770347263080915,38.30729184883372,38.63564088992955,4831972
2007-04-17,38.32413864135742,38.635649454866545,38.189432238343684,38.559874846631466,3743844
2007-04-18,38.138916015625,38.39149051252355,38.07156281645205,38.13049460918861,3669859
2007-04-19,37.8526496887207,38.14731983410506,37.61691357241321,38.05471147352326,4837593
2007-04-20,38.063133239746094,38.4083205679526,37.81055879706276,38.08839294055372,5753091
2007-04-23,37.98735809326172,38.197834510865995,37.827392044373845,37.970519799330255,2733073
2007-04-24,38.23152160644531,38.433585702236996,37.692696052545415,38.10523662378964,3962917
2007-04-25,38.78719711303711,38.8545503196749,38.273626655883966,38.46726938150763,4646905
2007-04-26,38.3914794921875,38.60196043572384,37.743202879696945,38.43357748612607,4629481
2007-04-27,38.239933013916016,38.2988647869257,37.80213510930093,38.088388366505065,3757685
2007-04-30,37.5579948425293,38.38307840489128,37.48222248401219,38.307303789834116,4839139
2007-05-01,37.06968688964844,37.86108939496511,36.80027178246091,37.591674287777586,7455228
2007-05-02,37.2801513671875,37.524308925893585,37.06125125353315,37.06125125353315,4352724
2007-05-03,37.63376998901367,37.734799801796456,37.35593574732093,37.47380386223418,3492802
